Date,Description,Amount
2023-10-01,Accounting Transaction 1,-542.24
2023-08-19,Accounting Transaction 2,701.08
2023-12-21,Accounting Transaction 3,851.11
2023-03-03,Accounting Transaction 4,44.46
2023-07-17,Accounting Transaction 5,61.4
2023-09-27,Accounting Transaction 6,209.98
2023-11-30,Accounting Transaction 7,-153.2
2023-11-09,Accounting Transaction 8,-848.55
2023-08-16,Accounting Transaction 9,-70.5
2023-08-13,Accounting Transaction 10,-884.49
2023-01-07,Accounting Transaction 11,-539.39
2023-01-03,Accounting Transaction 12,488.09
2023-10-30,Accounting Transaction 13,465.32
2023-02-27,Accounting Transaction 14,-537.81
2023-02-16,Accounting Transaction 15,-393.48
2023-10-26,Accounting Transaction 16,925.34
2023-09-15,Accounting Transaction 17,-938.07
2023-12-24,Accounting Transaction 18,238.7
2023-02-24,Accounting Transaction 19,-950.06
2023-06-06,Accounting Transaction 20,-450.85
2023-08-24,Accounting Transaction 21,870.25
2023-07-08,Accounting Transaction 22,827.06
2023-08-04,Accounting Transaction 23,372.91
2023-10-16,Accounting Transaction 24,667.68
2023-09-09,Accounting Transaction 25,-737.65
2023-01-13,Accounting Transaction 26,623.91
2023-08-14,Accounting Transaction 27,582.38
2023-01-16,Accounting Transaction 28,-172.27
2023-06-23,Accounting Transaction 29,-700.5
2023-01-08,Accounting Transaction 30,-586.59
2023-02-08,Accounting Transaction 31,-973.86
2023-05-28,Accounting Transaction 32,-682.96
2023-10-07,Accounting Transaction 33,-610.04
2023-10-25,Accounting Transaction 34,283.4
2023-11-08,Accounting Transaction 35,-805.19
2023-01-07,Accounting Transaction 36,700.99
2023-02-11,Accounting Transaction 37,217.84
2023-11-16,Accounting Transaction 38,754.77
2023-07-03,Accounting Transaction 39,-152.97
2023-01-03,Accounting Transaction 40,-98.06
2023-07-08,Accounting Transaction 41,-506.09
2023-06-13,Accounting Transaction 42,-458.48
2023-05-09,Accounting Transaction 43,-1004.32
2023-11-13,Accounting Transaction 44,-823.61
2023-01-26,Accounting Transaction 45,810.99
2023-04-30,Accounting Transaction 46,-706.4
2023-01-28,Accounting Transaction 47,896.56
2023-11-06,Accounting Transaction 48,-922.69
2023-09-30,Accounting Transaction 49,292.42
2023-07-08,Accounting Transaction 50,-297.63
2023-12-21,Accounting Transaction 51,-422.02
2023-03-22,Accounting Transaction 52,595.84
2023-07-20,Accounting Transaction 53,-883.14
2023-04-09,Accounting Transaction 54,916.27
2023-06-08,Accounting Transaction 55,-795.7
2023-05-06,Accounting Transaction 56,-874.58
2023-12-13,Accounting Transaction 57,-477.28
2023-04-12,Accounting Transaction 58,186.69
2023-06-20,Accounting Transaction 59,-990.29
2023-08-17,Accounting Transaction 60,-903.09
2023-02-02,Accounting Transaction 61,558.13
2023-11-25,Accounting Transaction 62,-538.02
2023-04-30,Accounting Transaction 63,582.19
2023-08-15,Accounting Transaction 64,148.06
2023-04-15,Accounting Transaction 65,-612.47
2023-04-08,Accounting Transaction 66,-240.56
2023-05-26,Accounting Transaction 67,306.01
2023-07-07,Accounting Transaction 68,886.48
2023-03-30,Accounting Transaction 69,820.05
2023-06-02,Accounting Transaction 70,611.38
2023-07-09,Accounting Transaction 71,-969.61
2023-08-28,Accounting Transaction 72,-696.8
2023-02-10,Accounting Transaction 73,-370.63
2023-03-10,Accounting Transaction 74,112.83
2023-03-29,Accounting Transaction 75,489.71
2023-11-12,Accounting Transaction 76,-999.98
2023-09-10,Accounting Transaction 77,-723.93
2023-06-02,Accounting Transaction 78,-826.14
2023-10-16,Accounting Transaction 79,317.5
2023-07-16,Accounting Transaction 80,579.92
2023-03-05,Accounting Transaction 81,-161.52
2023-07-07,Accounting Transaction 82,897.86
2023-03-30,Accounting Transaction 83,72.63
2023-12-19,Accounting Transaction 84,576.09
2023-07-03,Accounting Transaction 85,793.04
2023-12-17,Accounting Transaction 86,669.62
2023-10-07,Accounting Transaction 87,-342.83
2023-08-25,Accounting Transaction 88,30.34
2023-06-12,Accounting Transaction 89,691.28
2023-01-20,Accounting Transaction 90,-173.8
2023-06-22,Accounting Transaction 91,-121.38
2023-02-03,Accounting Transaction 92,-666.11
2023-03-25,Accounting Transaction 93,178.27
2023-02-05,Accounting Transaction 94,-351.42
2023-12-21,Accounting Transaction 95,594.38
2023-10-12,Accounting Transaction 96,-443.25
2023-07-11,Accounting Transaction 97,-829.0
2023-05-10,Accounting Transaction 98,507.62
2023-04-14,Accounting Transaction 99,464.05
2023-07-10,Accounting Transaction 100,939.92
2023-05-11,Accounting Transaction 101,-205.17
2023-03-14,Accounting Transaction 102,-13.92
2023-03-30,Accounting Transaction 103,-605.63
2023-09-01,Accounting Transaction 104,245.39
2023-10-11,Accounting Transaction 105,41.52
2023-03-28,Accounting Transaction 106,-168.34
2023-02-18,Accounting Transaction 107,-632.42
2023-02-11,Accounting Transaction 108,-777.96
2023-10-09,Accounting Transaction 109,944.31
2023-03-16,Accounting Transaction 110,810.36
2023-10-16,Accounting Transaction 111,883.64
2023-04-28,Accounting Transaction 112,691.71
2023-06-04,Accounting Transaction 113,477.17
2023-08-22,Accounting Transaction 114,451.16
2023-12-08,Accounting Transaction 115,-918.28
2023-02-28,Accounting Transaction 116,873.69
2023-07-10,Accounting Transaction 117,45.59
2023-01-21,Accounting Transaction 118,-698.0
2023-04-23,Accounting Transaction 119,-7.09
2023-04-26,Accounting Transaction 120,-474.38
2023-05-29,Accounting Transaction 121,-668.05
2023-04-26,Accounting Transaction 122,-306.56
2023-04-22,Accounting Transaction 123,-220.75
2023-10-25,Accounting Transaction 124,967.07
2023-11-29,Accounting Transaction 125,102.1
2023-06-02,Accounting Transaction 126,-335.18
2023-05-13,Accounting Transaction 127,888.72
2023-06-10,Accounting Transaction 128,-809.91
2023-08-09,Accounting Transaction 129,-937.89
2023-02-27,Accounting Transaction 130,444.62
2023-04-08,Accounting Transaction 131,-347.7
2023-03-21,Accounting Transaction 132,-523.39
2023-04-06,Accounting Transaction 133,-430.93
2023-09-14,Accounting Transaction 134,-194.0
2023-11-16,Accounting Transaction 135,-425.69
2023-08-30,Accounting Transaction 136,484.52
2023-12-19,Accounting Transaction 137,-102.19
2023-09-20,Accounting Transaction 138,971.76
2023-12-03,Accounting Transaction 139,-107.44
2023-12-05,Accounting Transaction 140,-282.46
2023-08-31,Accounting Transaction 141,-55.76
2023-07-12,Accounting Transaction 142,2.8
2023-08-13,Accounting Transaction 143,524.21
2023-03-27,Accounting Transaction 144,-553.26
2023-07-18,Accounting Transaction 145,-368.94
2023-04-16,Accounting Transaction 146,-276.56
2023-09-16,Accounting Transaction 147,624.98
2023-02-15,Accounting Transaction 148,-527.82
2023-05-10,Accounting Transaction 149,677.5
2023-01-15,Accounting Transaction 150,588.29
2023-08-26,Accounting Transaction 151,589.36
2023-08-06,Accounting Transaction 152,791.79
2023-06-30,Accounting Transaction 153,826.78
2023-12-26,Accounting Transaction 154,-34.47
2023-05-26,Accounting Transaction 155,-518.27
2023-01-02,Accounting Transaction 156,-64.26
2023-03-29,Accounting Transaction 157,-632.58
2023-11-04,Accounting Transaction 158,695.21
2023-04-13,Accounting Transaction 159,126.89
2023-08-10,Accounting Transaction 160,116.79
2023-09-10,Accounting Transaction 161,784.28
2023-06-10,Accounting Transaction 162,-812.99
2023-12-01,Accounting Transaction 163,-127.71
2023-07-14,Accounting Transaction 164,-151.84
2023-11-01,Accounting Transaction 165,-160.85
2023-09-14,Accounting Transaction 166,-64.1
2023-09-19,Accounting Transaction 167,-456.2
2023-10-07,Accounting Transaction 168,55.9
2023-06-23,Accounting Transaction 169,-526.69
2023-03-16,Accounting Transaction 170,140.76
2023-07-06,Accounting Transaction 171,906.3
2023-02-09,Accounting Transaction 172,557.08
2023-02-13,Accounting Transaction 173,36.78
2023-11-06,Accounting Transaction 174,-83.1
2023-08-16,Accounting Transaction 175,-374.54
2023-04-24,Accounting Transaction 176,834.33
2023-04-20,Accounting Transaction 177,-479.43
2023-01-10,Accounting Transaction 178,826.74
2023-08-31,Accounting Transaction 179,-46.3
2023-10-04,Accounting Transaction 180,-975.52
2023-11-07,Accounting Transaction 181,916.1
2023-01-05,Accounting Transaction 182,463.51
2023-08-27,Accounting Transaction 183,-1033.36
2023-03-02,Accounting Transaction 184,652.63
2023-09-10,Accounting Transaction 185,912.15
2023-01-21,Accounting Transaction 186,-959.72
2023-11-15,Accounting Transaction 187,1003.45
2023-09-06,Accounting Transaction 188,395.82
2023-01-08,Accounting Transaction 189,-834.03
2023-09-24,Accounting Transaction 190,536.65
2023-06-04,Accounting Transaction 191,1016.07
2023-02-28,Accounting Transaction 192,-734.99
2023-03-08,Accounting Transaction 193,992.86
2023-12-29,Accounting Transaction 194,-438.29
2023-04-25,Accounting Transaction 195,303.02
2023-07-18,Accounting Transaction 196,-832.39
2023-07-24,Accounting Transaction 197,447.53
2023-12-30,Accounting Transaction 198,-333.64
2023-03-20,Accounting Transaction 199,-34.82
2023-04-06,Accounting Transaction 200,945.8
2023-12-28,Accounting Transaction 201,-290.88
2023-10-15,Accounting Transaction 202,-842.07
2023-10-10,Accounting Transaction 203,653.83
2023-11-23,Accounting Transaction 204,-454.76
2023-06-22,Accounting Transaction 205,-247.31
2023-11-03,Accounting Transaction 206,-489.35
2023-02-04,Accounting Transaction 207,429.62
2023-08-01,Accounting Transaction 208,498.42
2023-07-20,Accounting Transaction 209,514.69
2023-09-14,Accounting Transaction 210,160.99
2023-11-02,Accounting Transaction 211,519.59
2023-05-04,Accounting Transaction 212,-636.37
2023-09-30,Accounting Transaction 213,-413.86
2023-11-22,Accounting Transaction 214,363.64
2023-03-11,Accounting Transaction 215,-25.55
2023-04-10,Accounting Transaction 216,-320.38
2023-06-28,Accounting Transaction 217,-755.8
2023-12-13,Accounting Transaction 218,-567.22
2023-07-06,Accounting Transaction 219,31.18
2023-05-07,Accounting Transaction 220,597.17
2023-06-17,Accounting Transaction 221,-669.24
2023-12-19,Accounting Transaction 222,673.08
2023-02-14,Accounting Transaction 223,-343.58
2023-12-19,Accounting Transaction 224,-476.26
2023-02-04,Accounting Transaction 225,482.99
2023-07-13,Accounting Transaction 226,-335.7
2023-04-21,Accounting Transaction 227,239.43
2023-03-05,Accounting Transaction 228,394.93
2023-03-17,Accounting Transaction 229,531.49
2023-08-17,Accounting Transaction 230,95.72
2023-09-06,Accounting Transaction 231,-37.51
2023-06-26,Accounting Transaction 232,873.58
2023-05-24,Accounting Transaction 233,287.61
2023-10-13,Accounting Transaction 234,-979.69
2023-06-23,Accounting Transaction 235,-77.88
2023-06-12,Accounting Transaction 236,-865.83
2023-12-14,Accounting Transaction 237,779.23
2023-04-30,Accounting Transaction 238,131.27
2023-05-22,Accounting Transaction 239,886.59
2023-04-16,Accounting Transaction 240,-857.85
2023-04-25,Accounting Transaction 241,954.98
2023-07-20,Accounting Transaction 242,840.56
2023-04-18,Accounting Transaction 243,-440.23
2023-12-07,Accounting Transaction 244,341.62
2023-01-22,Accounting Transaction 245,842.7
2023-07-21,Accounting Transaction 246,786.86
2023-11-21,Accounting Transaction 247,-71.05
2023-09-13,Accounting Transaction 248,-164.02
2023-05-19,Accounting Transaction 249,-34.97
2023-06-24,Accounting Transaction 250,357.05
2023-04-14,Accounting Transaction 251,590.92
2023-05-22,Accounting Transaction 252,271.69
2023-08-08,Accounting Transaction 253,523.35
2023-11-02,Accounting Transaction 254,493.78
2023-05-24,Accounting Transaction 255,-129.97
2023-12-29,Accounting Transaction 256,874.75
2023-11-01,Accounting Transaction 257,-861.87
2023-03-30,Accounting Transaction 258,-224.9
2023-05-07,Accounting Transaction 259,752.66
2023-03-21,Accounting Transaction 260,-172.9
2023-12-24,Accounting Transaction 261,-684.76
2023-09-30,Accounting Transaction 262,-87.47
2023-11-13,Accounting Transaction 263,807.75
2023-11-30,Accounting Transaction 264,497.61
2023-04-05,Accounting Transaction 265,817.05
2023-04-22,Accounting Transaction 266,-880.32
2023-03-16,Accounting Transaction 267,-734.2
2023-11-26,Accounting Transaction 268,199.65
2023-12-22,Accounting Transaction 269,410.53
2023-07-15,Accounting Transaction 270,-614.87
2023-09-14,Accounting Transaction 271,-754.23
2023-01-14,Accounting Transaction 272,-540.56
2023-08-09,Accounting Transaction 273,653.21
2023-02-04,Accounting Transaction 274,268.4
2023-07-17,Accounting Transaction 275,443.28
2023-01-13,Accounting Transaction 276,-627.69
2023-02-03,Accounting Transaction 277,-711.14
2023-06-12,Accounting Transaction 278,-886.28
2023-12-22,Accounting Transaction 279,-508.93
2023-04-10,Accounting Transaction 280,343.56
2023-06-06,Accounting Transaction 281,862.85
2023-05-16,Accounting Transaction 282,329.17
2023-10-13,Accounting Transaction 283,699.88
2023-03-18,Accounting Transaction 284,-989.34
2023-04-09,Accounting Transaction 285,255.63
2023-12-17,Accounting Transaction 286,-866.76
2023-04-26,Accounting Transaction 287,-831.76
2023-09-07,Accounting Transaction 288,712.27
2023-09-17,Accounting Transaction 289,-153.29
2023-01-12,Accounting Transaction 290,-453.37
2023-10-09,Accounting Transaction 291,232.6
2023-09-29,Accounting Transaction 292,613.19
2023-07-30,Accounting Transaction 293,-167.79
2023-09-17,Accounting Transaction 294,250.55
2023-12-19,Accounting Transaction 295,-908.3
2023-11-03,Accounting Transaction 296,282.09
2023-02-13,Accounting Transaction 297,28.65
2023-03-02,Accounting Transaction 298,-657.4
2023-02-15,Accounting Transaction 299,446.53
2023-12-10,Accounting Transaction 300,-694.73
2023-09-18,Accounting Transaction 301,4.12
2023-03-21,Accounting Transaction 302,972.16
2023-07-13,Accounting Transaction 303,-362.68
2023-12-21,Accounting Transaction 304,303.52
2023-01-17,Accounting Transaction 305,806.59
2023-12-10,Accounting Transaction 306,518.01
2023-12-02,Accounting Transaction 307,491.57
2023-05-20,Accounting Transaction 308,416.09
2023-09-04,Accounting Transaction 309,919.62
2023-08-30,Accounting Transaction 310,-176.78
2023-05-11,Accounting Transaction 311,-361.21
2023-08-21,Accounting Transaction 312,30.48
2023-12-02,Accounting Transaction 313,714.35
2023-12-02,Accounting Transaction 314,522.23
2023-02-26,Accounting Transaction 315,-914.03
2023-02-11,Accounting Transaction 316,844.12
2023-09-10,Accounting Transaction 317,-588.56
2023-05-14,Accounting Transaction 318,-363.85
2023-01-14,Accounting Transaction 319,224.63
2023-09-18,Accounting Transaction 320,-639.29
2023-01-15,Accounting Transaction 321,-427.74
2023-02-20,Accounting Transaction 322,935.84
2023-09-29,Accounting Transaction 323,-685.89
2023-02-22,Accounting Transaction 324,657.51
2023-06-25,Accounting Transaction 325,-456.12
2023-09-24,Accounting Transaction 326,-216.47
2023-09-16,Accounting Transaction 327,687.08
2023-12-26,Accounting Transaction 328,786.54
2023-08-20,Accounting Transaction 329,-20.19
2023-12-12,Accounting Transaction 330,359.83
2023-03-12,Accounting Transaction 331,-427.75
2023-01-19,Accounting Transaction 332,-674.39
2023-01-31,Accounting Transaction 333,52.23
2023-12-04,Accounting Transaction 334,-102.14
2023-12-10,Accounting Transaction 335,-255.84
2023-01-04,Accounting Transaction 336,829.35
2023-12-10,Accounting Transaction 337,803.91
2023-05-07,Accounting Transaction 338,627.27
2023-07-21,Accounting Transaction 339,-190.82
2023-09-29,Accounting Transaction 340,-622.23
2023-03-03,Accounting Transaction 341,-825.58
2023-02-22,Accounting Transaction 342,-26.1
2023-09-12,Accounting Transaction 343,-259.6
2023-04-06,Accounting Transaction 344,-119.99
2023-01-12,Accounting Transaction 345,-304.85
2023-01-08,Accounting Transaction 346,488.3
2023-07-18,Accounting Transaction 347,660.53
2023-03-20,Accounting Transaction 348,721.6
2023-07-04,Accounting Transaction 349,155.02
2023-06-26,Accounting Transaction 350,-38.33
2023-10-09,Accounting Transaction 351,59.3
2023-11-28,Accounting Transaction 352,375.9
2023-11-26,Accounting Transaction 353,-792.16
2023-11-18,Accounting Transaction 354,-746.71
2023-12-13,Accounting Transaction 355,-571.67
2023-08-27,Accounting Transaction 356,-743.15
2023-12-01,Accounting Transaction 357,516.93
2023-06-28,Accounting Transaction 358,-92.21
2023-10-23,Accounting Transaction 359,187.52
2023-07-09,Accounting Transaction 360,224.45
2023-05-05,Accounting Transaction 361,-264.1
2023-01-05,Accounting Transaction 362,583.68
2023-05-24,Accounting Transaction 363,-263.94
2023-11-15,Accounting Transaction 364,-187.89
2023-02-10,Accounting Transaction 365,692.83
2023-07-28,Accounting Transaction 366,-184.55
2023-04-13,Accounting Transaction 367,-827.74
2023-09-04,Accounting Transaction 368,34.67
2023-12-12,Accounting Transaction 369,99.6
2023-11-26,Accounting Transaction 370,-150.93
2023-08-04,Accounting Transaction 371,955.29
2023-07-17,Accounting Transaction 372,-738.57
2023-07-18,Accounting Transaction 373,574.35
2023-11-23,Accounting Transaction 374,-963.11
2023-06-27,Accounting Transaction 375,67.9
2023-03-30,Accounting Transaction 376,389.59
2023-07-24,Accounting Transaction 377,839.71
2023-07-06,Accounting Transaction 378,-747.96
2023-03-03,Accounting Transaction 379,428.71
2023-08-11,Accounting Transaction 380,-308.65
2023-08-09,Accounting Transaction 381,343.27
2023-09-02,Accounting Transaction 382,791.78
2023-06-19,Accounting Transaction 383,-585.1
2023-04-04,Accounting Transaction 384,-1017.22
2023-05-05,Accounting Transaction 385,581.53
2023-07-25,Accounting Transaction 386,-871.92
2023-12-20,Accounting Transaction 387,324.15
2023-02-19,Accounting Transaction 388,-514.34
2023-09-17,Accounting Transaction 389,-196.71
2023-06-28,Accounting Transaction 390,-433.42
2023-10-28,Accounting Transaction 391,738.47
2023-11-02,Accounting Transaction 392,-877.43
2023-10-24,Accounting Transaction 393,843.3
2023-09-14,Accounting Transaction 394,-26.87
2023-03-20,Accounting Transaction 395,-472.46
2023-05-12,Accounting Transaction 396,-666.24
2023-11-24,Accounting Transaction 397,-5.36
2023-10-05,Accounting Transaction 398,369.0
2023-05-19,Accounting Transaction 399,-140.94
2023-11-21,Accounting Transaction 400,941.57
2023-08-13,Accounting Transaction 401,-676.12
2023-10-07,Accounting Transaction 402,446.61
2023-01-01,Accounting Transaction 403,-636.37
2023-12-19,Accounting Transaction 404,-881.91
2023-01-25,Accounting Transaction 405,829.34
2023-08-08,Accounting Transaction 406,-122.41
2023-11-24,Accounting Transaction 407,-930.55
2023-08-31,Accounting Transaction 408,606.1
2023-09-05,Accounting Transaction 409,251.14
2023-09-10,Accounting Transaction 410,-585.43
2023-06-24,Accounting Transaction 411,360.61
2023-11-17,Accounting Transaction 412,531.28
2023-11-26,Accounting Transaction 413,-880.1
2023-04-09,Accounting Transaction 414,493.15
2023-05-27,Accounting Transaction 415,-14.56
2023-08-26,Accounting Transaction 416,-324.39
2023-04-10,Accounting Transaction 417,-215.73
2023-03-08,Accounting Transaction 418,943.78
2023-09-20,Accounting Transaction 419,-500.69
2023-06-27,Accounting Transaction 420,771.12
2023-06-26,Accounting Transaction 421,545.79
2023-02-07,Accounting Transaction 422,-968.88
2023-06-29,Accounting Transaction 423,732.72
2023-04-12,Accounting Transaction 424,-667.34
2023-03-04,Accounting Transaction 425,-579.96
2023-06-18,Accounting Transaction 426,-764.37
2023-01-17,Accounting Transaction 427,-312.47
2023-07-31,Accounting Transaction 428,286.84
2023-10-03,Accounting Transaction 429,406.18
2023-11-24,Accounting Transaction 430,-920.36
2023-07-14,Accounting Transaction 431,-826.73
2023-09-26,Accounting Transaction 432,-258.23
2023-12-11,Accounting Transaction 433,-273.8
2023-06-16,Accounting Transaction 434,945.76
2023-08-05,Accounting Transaction 435,731.67
2023-03-20,Accounting Transaction 436,-795.59
2023-01-14,Accounting Transaction 437,-216.63
2023-10-24,Accounting Transaction 438,-571.22
2023-05-03,Accounting Transaction 439,168.11
2023-06-08,Accounting Transaction 440,706.6
2023-12-25,Accounting Transaction 441,431.75
2023-03-11,Accounting Transaction 442,729.91
2023-01-31,Accounting Transaction 443,-175.5
2023-12-07,Accounting Transaction 444,369.42
2023-08-15,Accounting Transaction 445,33.9
2023-04-13,Accounting Transaction 446,-168.97
2023-08-21,Accounting Transaction 447,717.78
2023-11-24,Accounting Transaction 448,-775.84
2023-06-29,Accounting Transaction 449,-376.19
2023-06-26,Accounting Transaction 450,291.97
2023-08-24,Accounting Transaction 451,1046.09
2023-07-15,Accounting Transaction 452,-304.14
2023-04-09,Accounting Transaction 453,-691.6
2023-01-15,Accounting Transaction 454,-552.69
2023-10-12,Accounting Transaction 455,313.85
2023-03-30,Accounting Transaction 456,509.66
2023-06-22,Accounting Transaction 457,681.35
2023-04-13,Accounting Transaction 458,-537.84
2023-03-04,Accounting Transaction 459,638.27
2023-02-14,Accounting Transaction 460,-930.08
2023-09-10,Accounting Transaction 461,114.63
2023-02-25,Accounting Transaction 462,-22.48
2023-02-01,Accounting Transaction 463,1003.33
2023-10-28,Accounting Transaction 464,240.14
2023-02-06,Accounting Transaction 465,-615.3
2023-04-14,Accounting Transaction 466,776.32
2023-02-22,Accounting Transaction 467,-825.35
2023-04-26,Accounting Transaction 468,853.6
2023-11-05,Accounting Transaction 469,-246.27
2023-09-05,Accounting Transaction 470,654.87
2023-01-22,Accounting Transaction 471,735.83
2023-12-30,Accounting Transaction 472,-306.57
2023-11-17,Accounting Transaction 473,371.37
2023-12-23,Accounting Transaction 474,700.87
2023-05-12,Accounting Transaction 475,475.34
2023-09-06,Accounting Transaction 476,37.01
2023-05-02,Accounting Transaction 477,728.97
2023-01-10,Accounting Transaction 478,-65.38
2023-03-17,Accounting Transaction 479,-376.37
2023-07-06,Accounting Transaction 480,0.1
2023-05-05,Accounting Transaction 481,480.48
2023-12-27,Accounting Transaction 482,580.28
2023-09-16,Accounting Transaction 483,-699.2
2023-12-05,Accounting Transaction 484,-151.15
2023-06-26,Accounting Transaction 485,983.07
2023-11-29,Accounting Transaction 486,455.02
2023-04-27,Accounting Transaction 487,251.44
2023-07-01,Accounting Transaction 488,-436.09
2023-09-15,Accounting Transaction 489,0.95
2023-06-02,Accounting Transaction 490,-918.88
2023-11-08,Accounting Transaction 491,600.57
2023-11-13,Accounting Transaction 492,-464.76
2023-02-04,Accounting Transaction 493,724.08
2023-07-10,Accounting Transaction 494,722.51
2023-12-28,Accounting Transaction 495,227.38
2023-08-13,Accounting Transaction 496,-230.84
2023-07-23,Accounting Transaction 497,37.03
2023-04-15,Accounting Transaction 498,656.29
2023-01-19,Accounting Transaction 499,511.85
2023-02-01,Accounting Transaction 500,199.93
2023-07-10,Accounting Transaction 501,776.7
2023-12-29,Accounting Transaction 502,709.78
2023-06-20,Accounting Transaction 503,-20.18
2023-05-27,Accounting Transaction 504,-226.28
2023-01-12,Accounting Transaction 505,-939.77
2023-06-26,Accounting Transaction 506,532.12
2023-12-25,Accounting Transaction 507,-929.15
2023-12-11,Accounting Transaction 508,203.54
2023-11-05,Accounting Transaction 509,589.05
2023-09-14,Accounting Transaction 510,-918.1
2023-10-02,Accounting Transaction 511,823.71
2023-09-09,Accounting Transaction 512,-941.32
2023-06-27,Accounting Transaction 513,545.29
2023-10-17,Accounting Transaction 514,839.41
2023-10-09,Accounting Transaction 515,-524.52
2023-01-20,Accounting Transaction 516,-742.6
2023-12-20,Accounting Transaction 517,-942.01
2023-04-16,Accounting Transaction 518,-233.51
2023-03-09,Accounting Transaction 519,-584.05
2023-06-10,Accounting Transaction 520,233.84
2023-04-18,Accounting Transaction 521,630.15
2023-10-22,Accounting Transaction 522,-292.46
2023-02-12,Accounting Transaction 523,-850.16
2023-12-09,Accounting Transaction 524,-221.2
2023-07-20,Accounting Transaction 525,672.43
2023-12-29,Accounting Transaction 526,-794.16
2023-02-05,Accounting Transaction 527,-314.5
2023-11-21,Accounting Transaction 528,-167.72
2023-07-25,Accounting Transaction 529,-468.17
2023-04-10,Accounting Transaction 530,547.6
2023-02-23,Accounting Transaction 531,-952.46
2023-08-08,Accounting Transaction 532,866.95
2023-05-27,Accounting Transaction 533,-357.13
2023-08-13,Accounting Transaction 534,-487.07
2023-11-27,Accounting Transaction 535,846.94
2023-06-19,Accounting Transaction 536,372.78
2023-01-19,Accounting Transaction 537,588.9
2023-07-04,Accounting Transaction 538,-930.44
2023-09-25,Accounting Transaction 539,404.93
2023-03-30,Accounting Transaction 540,93.49
2023-02-19,Accounting Transaction 541,778.71
2023-09-17,Accounting Transaction 542,112.43
2023-09-20,Accounting Transaction 543,399.72
2023-04-08,Accounting Transaction 544,397.11
2023-06-10,Accounting Transaction 545,295.75
2023-02-14,Accounting Transaction 546,-562.35
2023-12-09,Accounting Transaction 547,473.75
2023-12-23,Accounting Transaction 548,-359.63
2023-03-06,Accounting Transaction 549,-135.15
2023-09-13,Accounting Transaction 550,-723.97
2023-05-03,Accounting Transaction 551,-492.76
2023-09-19,Accounting Transaction 552,-965.44
2023-09-30,Accounting Transaction 553,605.53
2023-04-05,Accounting Transaction 554,-632.59
2023-09-16,Accounting Transaction 555,-490.06
2023-08-02,Accounting Transaction 556,-448.89
2023-09-12,Accounting Transaction 557,-88.18
2023-09-03,Accounting Transaction 558,1040.93
2023-07-15,Accounting Transaction 559,-810.45
2023-06-08,Accounting Transaction 560,-609.94
2023-01-22,Accounting Transaction 561,-1004.43
2023-10-07,Accounting Transaction 562,662.83
2023-09-29,Accounting Transaction 563,806.82
2023-03-29,Accounting Transaction 564,-682.25
2023-10-23,Accounting Transaction 565,-954.86
2023-02-08,Accounting Transaction 566,-124.58
2023-08-24,Accounting Transaction 567,-415.95
2023-06-05,Accounting Transaction 568,-840.87
2023-02-01,Accounting Transaction 569,-463.6
2023-04-07,Accounting Transaction 570,247.21
2023-10-18,Accounting Transaction 571,415.32
2023-11-12,Accounting Transaction 572,-206.66
2023-06-18,Accounting Transaction 573,-297.16
2023-05-20,Accounting Transaction 574,260.24
2023-06-05,Accounting Transaction 575,578.75
2023-03-26,Accounting Transaction 576,-394.89
2023-12-24,Accounting Transaction 577,389.81
2023-02-11,Accounting Transaction 578,280.82
2023-03-11,Accounting Transaction 579,982.33
2023-01-03,Accounting Transaction 580,-71.16
2023-06-28,Accounting Transaction 581,-188.01
2023-02-08,Accounting Transaction 582,881.5
2023-04-09,Accounting Transaction 583,471.31
2023-10-13,Accounting Transaction 584,-505.81
2023-03-12,Accounting Transaction 585,-262.95
2023-04-27,Accounting Transaction 586,-555.85
2023-04-12,Accounting Transaction 587,199.69
2023-01-17,Accounting Transaction 588,229.17
2023-05-21,Accounting Transaction 589,941.94
2023-07-15,Accounting Transaction 590,-210.32
2023-07-19,Accounting Transaction 591,-378.82
2023-10-17,Accounting Transaction 592,-394.85
2023-02-12,Accounting Transaction 593,-870.74
2023-11-30,Accounting Transaction 594,-808.11
2023-04-19,Accounting Transaction 595,-992.0
2023-10-13,Accounting Transaction 596,518.13
2023-10-04,Accounting Transaction 597,-423.99
2023-08-13,Accounting Transaction 598,-486.67
2023-07-18,Accounting Transaction 599,342.02
2023-04-06,Accounting Transaction 600,-134.46
2023-09-29,Accounting Transaction 601,376.97
2023-08-05,Accounting Transaction 602,890.83
2023-09-27,Accounting Transaction 603,-477.73
2023-03-05,Accounting Transaction 604,-615.24
2023-04-25,Accounting Transaction 605,904.97
2023-10-30,Accounting Transaction 606,112.62
2023-03-19,Accounting Transaction 607,900.14
2023-09-18,Accounting Transaction 608,888.58
2023-01-16,Accounting Transaction 609,458.96
2023-12-13,Accounting Transaction 610,-996.56
2023-06-17,Accounting Transaction 611,-997.87
2023-01-05,Accounting Transaction 612,-799.87
2023-02-03,Accounting Transaction 613,671.62
2023-03-11,Accounting Transaction 614,-468.0
2023-01-21,Accounting Transaction 615,858.99
2023-10-11,Accounting Transaction 616,626.8
2023-08-24,Accounting Transaction 617,-165.59
2023-11-23,Accounting Transaction 618,-988.92
2023-04-02,Accounting Transaction 619,975.48
2023-10-03,Accounting Transaction 620,71.65
2023-02-11,Accounting Transaction 621,397.46
2023-08-31,Accounting Transaction 622,404.02
2023-12-13,Accounting Transaction 623,-879.43
2023-04-17,Accounting Transaction 624,258.63
2023-11-11,Accounting Transaction 625,140.82
2023-11-09,Accounting Transaction 626,-966.34
2023-03-04,Accounting Transaction 627,-806.55
2023-05-13,Accounting Transaction 628,-366.36
2023-06-30,Accounting Transaction 629,-252.54
2023-09-20,Accounting Transaction 630,-86.25
2023-06-24,Accounting Transaction 631,-670.73
2023-01-08,Accounting Transaction 632,-606.95
2023-06-12,Accounting Transaction 633,733.28
2023-11-17,Accounting Transaction 634,728.52
2023-04-26,Accounting Transaction 635,903.54
2023-10-09,Accounting Transaction 636,697.92
2023-02-06,Accounting Transaction 637,-197.54
2023-09-28,Accounting Transaction 638,526.26
2023-05-03,Accounting Transaction 639,361.73
2023-08-08,Accounting Transaction 640,-1030.02
2023-04-21,Accounting Transaction 641,-980.35
2023-10-12,Accounting Transaction 642,375.7
2023-02-13,Accounting Transaction 643,17.51
2023-01-29,Accounting Transaction 644,46.5
2023-07-23,Accounting Transaction 645,-427.09
2023-09-07,Accounting Transaction 646,-695.47
2023-04-16,Accounting Transaction 647,-575.61
2023-03-23,Accounting Transaction 648,903.23
2023-06-26,Accounting Transaction 649,-91.49
2023-10-21,Accounting Transaction 650,502.79
2023-09-16,Accounting Transaction 651,-712.66
2023-07-14,Accounting Transaction 652,-655.28
2023-02-26,Accounting Transaction 653,537.0
2023-10-09,Accounting Transaction 654,755.16
2023-10-15,Accounting Transaction 655,774.01
2023-11-04,Accounting Transaction 656,808.73
2023-06-11,Accounting Transaction 657,402.32
2023-01-11,Accounting Transaction 658,853.42
2023-08-13,Accounting Transaction 659,-322.52
2023-10-21,Accounting Transaction 660,-603.29
2023-03-29,Accounting Transaction 661,741.15
2023-09-02,Accounting Transaction 662,773.47
2023-03-08,Accounting Transaction 663,444.7
2023-03-06,Accounting Transaction 664,239.61
2023-10-08,Accounting Transaction 665,-470.19
2023-08-21,Accounting Transaction 666,-673.59
2023-10-17,Accounting Transaction 667,-220.25
2023-02-17,Accounting Transaction 668,729.28
2023-08-23,Accounting Transaction 669,-372.26
2023-04-11,Accounting Transaction 670,-704.38
2023-10-22,Accounting Transaction 671,-786.91
2023-05-25,Accounting Transaction 672,224.2
2023-11-19,Accounting Transaction 673,834.52
2023-03-04,Accounting Transaction 674,626.07
2023-04-04,Accounting Transaction 675,-595.65
2023-11-01,Accounting Transaction 676,776.31
2023-07-24,Accounting Transaction 677,452.89
2023-11-18,Accounting Transaction 678,342.06
2023-08-12,Accounting Transaction 679,784.6
2023-09-01,Accounting Transaction 680,-679.44
2023-06-26,Accounting Transaction 681,-200.92
2023-10-01,Accounting Transaction 682,808.84
2023-04-19,Accounting Transaction 683,479.22
2023-06-18,Accounting Transaction 684,-800.38
2023-01-17,Accounting Transaction 685,195.48
2023-07-18,Accounting Transaction 686,422.54
2023-02-24,Accounting Transaction 687,457.54
2023-10-21,Accounting Transaction 688,-424.61
2023-09-18,Accounting Transaction 689,-685.23
2023-04-01,Accounting Transaction 690,-632.15
2023-02-12,Accounting Transaction 691,735.63
2023-02-08,Accounting Transaction 692,960.42
2023-11-25,Accounting Transaction 693,118.24
2023-12-11,Accounting Transaction 694,227.92
2023-04-25,Accounting Transaction 695,-969.03
2023-07-14,Accounting Transaction 696,259.39
2023-01-31,Accounting Transaction 697,-160.95
2023-01-25,Accounting Transaction 698,229.83
2023-01-20,Accounting Transaction 699,585.1
2023-01-20,Accounting Transaction 700,535.25
2023-07-04,Accounting Transaction 701,-426.67
2023-04-26,Accounting Transaction 702,-235.18
2023-07-31,Accounting Transaction 703,330.56
2023-10-24,Accounting Transaction 704,375.29
2023-05-09,Accounting Transaction 705,162.03
2023-06-20,Accounting Transaction 706,80.2
2023-10-06,Accounting Transaction 707,-845.79
2023-09-20,Accounting Transaction 708,-373.79
2023-10-06,Accounting Transaction 709,563.47
2023-08-20,Accounting Transaction 710,448.24
2023-05-22,Accounting Transaction 711,166.61
2023-04-15,Accounting Transaction 712,190.11
2023-12-23,Accounting Transaction 713,-859.81
2023-07-01,Accounting Transaction 714,886.55
2023-06-18,Accounting Transaction 715,962.25
2023-04-24,Accounting Transaction 716,499.16
2023-01-21,Accounting Transaction 717,271.95
2023-05-22,Accounting Transaction 718,-3.12
2023-10-08,Accounting Transaction 719,516.51
2023-05-22,Accounting Transaction 720,954.95
2023-11-14,Accounting Transaction 721,-516.76
2023-09-24,Accounting Transaction 722,-515.64
2023-04-28,Accounting Transaction 723,301.37
2023-12-20,Accounting Transaction 724,790.82
2023-04-18,Accounting Transaction 725,-858.43
2023-05-28,Accounting Transaction 726,250.82
2023-07-19,Accounting Transaction 727,521.59
2023-08-28,Accounting Transaction 728,244.69
2023-05-03,Accounting Transaction 729,491.75
2023-08-04,Accounting Transaction 730,320.53
2023-04-12,Accounting Transaction 731,-214.18
2023-08-28,Accounting Transaction 732,611.79
2023-07-09,Accounting Transaction 733,536.66
2023-01-16,Accounting Transaction 734,-529.76
2023-01-30,Accounting Transaction 735,-250.15
2023-03-04,Accounting Transaction 736,-534.2
2023-04-16,Accounting Transaction 737,-54.32
2023-04-22,Accounting Transaction 738,620.61
2023-11-12,Accounting Transaction 739,89.43
2023-09-20,Accounting Transaction 740,129.22
2023-03-10,Accounting Transaction 741,57.05
2023-01-01,Accounting Transaction 742,-338.13
2023-05-14,Accounting Transaction 743,-764.71
2023-04-30,Accounting Transaction 744,207.54
2023-10-19,Accounting Transaction 745,773.65
2023-10-19,Accounting Transaction 746,-36.74
2023-03-25,Accounting Transaction 747,442.22
2023-01-10,Accounting Transaction 748,793.46
2023-09-30,Accounting Transaction 749,-313.0
2023-12-07,Accounting Transaction 750,-514.67
2023-03-04,Accounting Transaction 751,-886.96
2023-05-21,Accounting Transaction 752,649.23
2023-09-12,Accounting Transaction 753,446.34
2023-11-22,Accounting Transaction 754,-492.93
2023-08-27,Accounting Transaction 755,-95.85
2023-09-26,Accounting Transaction 756,-420.71
2023-01-06,Accounting Transaction 757,-949.09
2023-12-01,Accounting Transaction 758,-306.52
2023-04-07,Accounting Transaction 759,-604.27
2023-11-05,Accounting Transaction 760,911.34
2023-08-19,Accounting Transaction 761,-289.74
2023-10-26,Accounting Transaction 762,-333.86
2023-07-06,Accounting Transaction 763,165.37
2023-10-19,Accounting Transaction 764,-397.12
2023-07-22,Accounting Transaction 765,515.05
2023-07-01,Accounting Transaction 766,-389.7
2023-05-31,Accounting Transaction 767,-966.88
2023-01-10,Accounting Transaction 768,215.91
2023-01-09,Accounting Transaction 769,198.78
2023-10-02,Accounting Transaction 770,452.33
2023-03-31,Accounting Transaction 771,386.27
2023-12-20,Accounting Transaction 772,596.27
2023-01-17,Accounting Transaction 773,-86.09
2023-10-03,Accounting Transaction 774,702.75
2023-09-12,Accounting Transaction 775,-527.92
2023-03-14,Accounting Transaction 776,165.08
2023-07-30,Accounting Transaction 777,681.86
2023-11-22,Accounting Transaction 778,-765.53
2023-03-03,Accounting Transaction 779,42.59
2023-02-08,Accounting Transaction 780,864.02
2023-12-29,Accounting Transaction 781,318.66
2023-03-05,Accounting Transaction 782,655.01
2023-11-17,Accounting Transaction 783,-802.25
2023-10-13,Accounting Transaction 784,-506.36
2023-04-07,Accounting Transaction 785,-552.6
2023-08-25,Accounting Transaction 786,168.93
2023-07-16,Accounting Transaction 787,-452.81
2023-10-10,Accounting Transaction 788,242.25
2023-02-16,Accounting Transaction 789,300.74
2023-11-22,Accounting Transaction 790,-875.65
2023-12-18,Accounting Transaction 791,44.62
2023-01-27,Accounting Transaction 792,-208.85
2023-12-28,Accounting Transaction 793,6.13
2023-08-15,Accounting Transaction 794,-246.3
2023-02-19,Accounting Transaction 795,-654.78
2023-04-18,Accounting Transaction 796,-541.66
2023-07-27,Accounting Transaction 797,418.14
2023-11-28,Accounting Transaction 798,214.15
2023-04-12,Accounting Transaction 799,191.8
2023-05-01,Accounting Transaction 800,579.15
2023-03-28,Accounting Transaction 801,-102.98
2023-07-20,Accounting Transaction 802,716.83
2023-05-15,Accounting Transaction 803,-23.55
2023-05-20,Accounting Transaction 804,879.8
2023-12-02,Accounting Transaction 805,253.95
2023-07-20,Accounting Transaction 806,58.07
2023-10-10,Accounting Transaction 807,-223.52
2023-10-28,Accounting Transaction 808,-660.91
2023-07-01,Accounting Transaction 809,-876.22
2023-01-27,Accounting Transaction 810,-487.28
2023-07-24,Accounting Transaction 811,-59.82
2023-01-17,Accounting Transaction 812,471.89
2023-05-01,Accounting Transaction 813,-7.91
2023-07-02,Accounting Transaction 814,228.45
2023-09-19,Accounting Transaction 815,100.1
2023-05-07,Accounting Transaction 816,58.64
2023-01-16,Accounting Transaction 817,-839.82
2023-02-18,Accounting Transaction 818,712.51
2023-05-24,Accounting Transaction 819,573.55
2023-11-19,Accounting Transaction 820,771.84
2023-10-29,Accounting Transaction 821,915.42
2023-06-22,Accounting Transaction 822,381.1
2023-09-01,Accounting Transaction 823,-400.79
2023-10-29,Accounting Transaction 824,190.41
2023-11-12,Accounting Transaction 825,717.05
2023-12-27,Accounting Transaction 826,-865.26
2023-02-28,Accounting Transaction 827,-924.16
2023-11-14,Accounting Transaction 828,183.29
2023-07-04,Accounting Transaction 829,928.94
2023-12-15,Accounting Transaction 830,-643.53
2023-07-19,Accounting Transaction 831,582.05
2023-07-23,Accounting Transaction 832,492.44
2023-03-18,Accounting Transaction 833,11.28
2023-10-02,Accounting Transaction 834,-423.26
2023-01-13,Accounting Transaction 835,676.23
2023-01-13,Accounting Transaction 836,-542.64
2023-07-16,Accounting Transaction 837,-578.59
2023-09-07,Accounting Transaction 838,-818.13
2023-06-28,Accounting Transaction 839,-939.26
2023-04-15,Accounting Transaction 840,368.05
2023-04-08,Accounting Transaction 841,205.96
2023-05-15,Accounting Transaction 842,818.58
2023-06-25,Accounting Transaction 843,-65.35
2023-09-20,Accounting Transaction 844,-597.62
2023-10-12,Accounting Transaction 845,453.66
2023-07-16,Accounting Transaction 846,423.26
2023-07-18,Accounting Transaction 847,508.4
2023-06-05,Accounting Transaction 848,-540.57
2023-09-13,Accounting Transaction 849,-38.44
2023-06-10,Accounting Transaction 850,-878.74
2023-04-12,Accounting Transaction 851,881.45
2023-04-10,Accounting Transaction 852,-126.8
2023-06-07,Accounting Transaction 853,-208.36
2023-03-23,Accounting Transaction 854,432.49
2023-11-23,Accounting Transaction 855,-502.16
2023-10-01,Accounting Transaction 856,-744.91
2023-02-13,Accounting Transaction 857,-116.49
2023-06-05,Accounting Transaction 858,-518.14
2023-04-19,Accounting Transaction 859,-409.33
2023-11-30,Accounting Transaction 860,-455.97
2023-03-29,Accounting Transaction 861,869.8
2023-04-16,Accounting Transaction 862,279.64
2023-05-11,Accounting Transaction 863,866.64
2023-06-24,Accounting Transaction 864,-249.58
2023-07-17,Accounting Transaction 865,527.89
2023-08-01,Accounting Transaction 866,777.2
2023-07-05,Accounting Transaction 867,-291.78
2023-11-21,Accounting Transaction 868,91.74
2023-03-07,Accounting Transaction 869,273.77
2023-11-07,Accounting Transaction 870,693.97
2023-10-06,Accounting Transaction 871,-53.73
2023-05-06,Accounting Transaction 872,-161.21
2023-03-17,Accounting Transaction 873,820.08
2023-11-12,Accounting Transaction 874,-380.51
2023-06-11,Accounting Transaction 875,-527.63
2023-10-30,Accounting Transaction 876,405.78
2023-08-31,Accounting Transaction 877,-251.83
2023-02-19,Accounting Transaction 878,-785.72
2023-12-23,Accounting Transaction 879,-560.02
2023-10-16,Accounting Transaction 880,-419.05
2023-01-31,Accounting Transaction 881,841.77
2023-11-14,Accounting Transaction 882,-273.55
2023-04-19,Accounting Transaction 883,-146.09
2023-11-20,Accounting Transaction 884,-391.49
2023-03-10,Accounting Transaction 885,206.19
2023-09-23,Accounting Transaction 886,-429.45
2023-11-07,Accounting Transaction 887,961.22
2023-09-19,Accounting Transaction 888,-245.12
2023-12-07,Accounting Transaction 889,297.48
2023-11-27,Accounting Transaction 890,-686.78
2023-06-11,Accounting Transaction 891,-255.79
2023-12-25,Accounting Transaction 892,-793.82
2023-04-08,Accounting Transaction 893,829.09
2023-04-12,Accounting Transaction 894,-188.91
2023-05-22,Accounting Transaction 895,-819.57
2023-02-08,Accounting Transaction 896,-166.46
2023-08-17,Accounting Transaction 897,-218.1
2023-02-21,Accounting Transaction 898,819.79
2023-10-13,Accounting Transaction 899,-653.84
2023-04-30,Accounting Transaction 900,461.47
2023-03-10,Accounting Transaction 901,-760.4
2023-12-12,Accounting Transaction 902,15.49
2023-09-29,Accounting Transaction 903,356.13
2023-03-06,Accounting Transaction 904,-342.49
2023-09-01,Accounting Transaction 905,-323.44
2023-08-11,Accounting Transaction 906,-75.63
2023-01-02,Accounting Transaction 907,21.75
2023-03-02,Accounting Transaction 908,-22.68
2023-08-13,Accounting Transaction 909,-130.2
2023-10-06,Accounting Transaction 910,-913.18
2023-05-22,Accounting Transaction 911,-320.56
2023-03-12,Accounting Transaction 912,936.08
2023-06-12,Accounting Transaction 913,-905.82
2023-08-20,Accounting Transaction 914,181.74
2023-06-10,Accounting Transaction 915,42.28
2023-12-13,Accounting Transaction 916,-648.83
2023-12-25,Accounting Transaction 917,-919.86
2023-12-10,Accounting Transaction 918,91.43
2023-11-18,Accounting Transaction 919,-180.98
2023-02-04,Accounting Transaction 920,70.3
2023-04-17,Accounting Transaction 921,-97.53
2023-03-09,Accounting Transaction 922,204.05
2023-03-04,Accounting Transaction 923,-667.79
2023-02-12,Accounting Transaction 924,592.54
2023-01-19,Accounting Transaction 925,48.55
2023-10-17,Accounting Transaction 926,486.88
2023-11-09,Accounting Transaction 927,-846.46
2023-10-27,Accounting Transaction 928,-154.13
2023-12-20,Accounting Transaction 929,729.27
2023-10-09,Accounting Transaction 930,89.07
2023-08-06,Accounting Transaction 931,39.95
2023-09-30,Accounting Transaction 932,420.44
2023-04-12,Accounting Transaction 933,735.01
2023-08-07,Accounting Transaction 934,-625.32
2023-08-25,Accounting Transaction 935,669.44
2023-11-20,Accounting Transaction 936,-882.6
2023-09-20,Accounting Transaction 937,472.3
2023-03-25,Accounting Transaction 938,739.97
2023-03-12,Accounting Transaction 939,195.61
2023-05-19,Accounting Transaction 940,-739.94
2023-11-27,Accounting Transaction 941,-706.57
2023-04-21,Accounting Transaction 942,-822.75
2023-09-02,Accounting Transaction 943,918.43
2023-06-04,Accounting Transaction 944,295.06
2023-03-09,Accounting Transaction 945,-484.81
2023-08-13,Accounting Transaction 946,-943.94
2023-03-29,Accounting Transaction 947,-561.62
2023-07-02,Accounting Transaction 948,-59.71
2023-10-15,Accounting Transaction 949,822.72
2023-12-12,Accounting Transaction 950,-300.39
2023-10-24,Accounting Transaction 951,-553.77
2023-04-29,Accounting Transaction 952,207.94
2023-08-22,Accounting Transaction 953,-886.34
2023-07-25,Accounting Transaction 954,-812.03
2023-02-26,Accounting Transaction 955,-602.67
2023-08-18,Accounting Transaction 956,346.5
2023-05-08,Accounting Transaction 957,899.54
2023-02-20,Accounting Transaction 958,839.45
2023-08-23,Accounting Transaction 959,-1025.62
2023-04-24,Accounting Transaction 960,637.42
2023-01-02,Accounting Transaction 961,842.39
2023-04-01,Accounting Transaction 962,721.33
2023-05-26,Accounting Transaction 963,-114.78
2023-04-13,Accounting Transaction 964,218.25
2023-09-27,Accounting Transaction 965,-790.63
2023-04-22,Accounting Transaction 966,443.38
2023-05-14,Accounting Transaction 967,-224.73
2023-12-30,Accounting Transaction 968,236.31
2023-06-24,Accounting Transaction 969,-269.45
2023-08-15,Accounting Transaction 970,83.18
2023-01-14,Accounting Transaction 971,-864.43
2023-01-23,Accounting Transaction 972,-898.71
2023-01-23,Accounting Transaction 973,-607.29
2023-09-29,Accounting Transaction 974,-443.44
2023-08-15,Accounting Transaction 975,603.54
2023-09-28,Accounting Transaction 976,-689.59
2023-03-11,Accounting Transaction 977,569.6
2023-12-09,Accounting Transaction 978,748.62
2023-09-19,Accounting Transaction 979,-225.38
2023-01-19,Accounting Transaction 980,853.95
2023-07-22,Accounting Transaction 981,-844.06
2023-12-07,Accounting Transaction 982,-445.2
2023-08-05,Accounting Transaction 983,-589.07
2023-08-05,Accounting Transaction 984,974.05
2023-01-24,Accounting Transaction 985,-669.11
2023-05-13,Accounting Transaction 986,271.84
2023-08-01,Accounting Transaction 987,998.14
2023-05-14,Accounting Transaction 988,-857.15
2023-09-05,Accounting Transaction 989,-215.08
2023-12-19,Accounting Transaction 990,-375.87
2023-12-11,Accounting Transaction 991,-432.04
2023-12-15,Accounting Transaction 992,-4.98
2023-03-20,Accounting Transaction 993,-786.57
2023-02-28,Accounting Transaction 994,306.77
2023-05-14,Accounting Transaction 995,724.98
2023-05-24,Accounting Transaction 996,-680.48
2023-09-18,Accounting Transaction 997,-430.76
2023-10-07,Accounting Transaction 998,-243.16
2023-02-18,Accounting Transaction 999,-608.22
2023-10-13,Accounting Transaction 1000,440.95
